;;cpu0;;;;;;;;;;;;;;;;;;;;;;;;;;;;;;;;;;;;;;;;;
;;pmc0;pmc0_ovf;pmc1;pmc1_ovf;pmc2;pmc2_ovf;pmc3;pmc3_ovf;pmc4;pmc4_ovf;pmc5;pmc5_ovf;pmc6;pmc6_ovf;pmc7;pmc7_ovf;inst_retired;cycles;cycles_tsc;exec_depth;tsc_diff;perf_limit_reasons;tsc_diff-cycles_tsc;non_stall_cycles;non_stall_ratio;non_stall_cycles_tsc;non_throttle_cycles;non_throttle_ratio;non_throttle_cycles_tsc;non_throttle_stall_cycles;non_throttle_stall_cycles_ratio;non_throttle_stall_cycles_tsc;fp512_dp_retired/inst_retired;base_multiplicator;frequency;lvl0_tsc;lvl1_tsc;lvl2_tsc;stall_tsc;throttle_tsc;throughput;time
;;5407;0;1;0;0;0;37;0;2;0;53;0;134;1;46;0;3015;5407;16770;140302099033766;12606;3783311360;=INDIRECT("Y" & ROW());=INDIRECT("T" & ROW())-INDIRECT("I" & ROW());=INDIRECT("Z" & ROW())/INDIRECT("T" & ROW());=INDIRECT("Z" & ROW())/INDIRECT("AJ" & ROW());=INDIRECT("T" & ROW())-INDIRECT("O" & ROW());=INDIRECT("AC" & ROW())/INDIRECT("T" & ROW());=INDIRECT("AC" & ROW())/INDIRECT("AJ" & ROW());=INDIRECT("Z" & ROW())+INDIRECT("AC" & ROW());=INDIRECT("AF" & ROW())/INDIRECT("T" & ROW());=INDIRECT("AF" & ROW())/INDIRECT("AJ" & ROW());=INDIRECT("K" & ROW())/INDIRECT("S" & ROW());=INDIRECT("T" & ROW())/INDIRECT("U" & ROW());=INDIRECT("AJ" & ROW())*3.1;=INDIRECT("C" & ROW())/INDIRECT("AJ" & ROW());=INDIRECT("E" & ROW())/INDIRECT("AJ" & ROW());=INDIRECT("G" & ROW())/INDIRECT("AJ" & ROW());=INDIRECT("I" & ROW())/INDIRECT("AJ" & ROW());=INDIRECT("O" & ROW())/INDIRECT("AJ" & ROW());=INDIRECT("S" & ROW())/INDIRECT("T" & ROW());=INDIRECT("U" & ROW())*1/3100000000*1000
;;6029;0;1;0;0;0;38;0;2;0;52;0;139;1;46;0;3015;6029;16125;140356830998182;12147;3783262208;=INDIRECT("Y" & ROW());=INDIRECT("T" & ROW())-INDIRECT("I" & ROW());=INDIRECT("Z" & ROW())/INDIRECT("T" & ROW());=INDIRECT("Z" & ROW())/INDIRECT("AJ" & ROW());=INDIRECT("T" & ROW())-INDIRECT("O" & ROW());=INDIRECT("AC" & ROW())/INDIRECT("T" & ROW());=INDIRECT("AC" & ROW())/INDIRECT("AJ" & ROW());=INDIRECT("Z" & ROW())+INDIRECT("AC" & ROW());=INDIRECT("AF" & ROW())/INDIRECT("T" & ROW());=INDIRECT("AF" & ROW())/INDIRECT("AJ" & ROW());=INDIRECT("K" & ROW())/INDIRECT("S" & ROW());=INDIRECT("T" & ROW())/INDIRECT("U" & ROW());=INDIRECT("AJ" & ROW())*3.1;=INDIRECT("C" & ROW())/INDIRECT("AJ" & ROW());=INDIRECT("E" & ROW())/INDIRECT("AJ" & ROW());=INDIRECT("G" & ROW())/INDIRECT("AJ" & ROW());=INDIRECT("I" & ROW())/INDIRECT("AJ" & ROW());=INDIRECT("O" & ROW())/INDIRECT("AJ" & ROW());=INDIRECT("S" & ROW())/INDIRECT("T" & ROW());=INDIRECT("U" & ROW())*1/3100000000*1000
;;6728;0;1;0;0;0;39;0;2;0;55;0;135;1;49;0;3015;6728;17286;139702557089446;12632;3783262208;=INDIRECT("Y" & ROW());=INDIRECT("T" & ROW())-INDIRECT("I" & ROW());=INDIRECT("Z" & ROW())/INDIRECT("T" & ROW());=INDIRECT("Z" & ROW())/INDIRECT("AJ" & ROW());=INDIRECT("T" & ROW())-INDIRECT("O" & ROW());=INDIRECT("AC" & ROW())/INDIRECT("T" & ROW());=INDIRECT("AC" & ROW())/INDIRECT("AJ" & ROW());=INDIRECT("Z" & ROW())+INDIRECT("AC" & ROW());=INDIRECT("AF" & ROW())/INDIRECT("T" & ROW());=INDIRECT("AF" & ROW())/INDIRECT("AJ" & ROW());=INDIRECT("K" & ROW())/INDIRECT("S" & ROW());=INDIRECT("T" & ROW())/INDIRECT("U" & ROW());=INDIRECT("AJ" & ROW())*3.1;=INDIRECT("C" & ROW())/INDIRECT("AJ" & ROW());=INDIRECT("E" & ROW())/INDIRECT("AJ" & ROW());=INDIRECT("G" & ROW())/INDIRECT("AJ" & ROW());=INDIRECT("I" & ROW())/INDIRECT("AJ" & ROW());=INDIRECT("O" & ROW())/INDIRECT("AJ" & ROW());=INDIRECT("S" & ROW())/INDIRECT("T" & ROW());=INDIRECT("U" & ROW())*1/3100000000*1000
;;4316;0;1;0;0;0;41;0;2;0;58;0;116;1;44;0;2864;4316;23736;140652265340582;16736;3783262208;=INDIRECT("Y" & ROW());=INDIRECT("T" & ROW())-INDIRECT("I" & ROW());=INDIRECT("Z" & ROW())/INDIRECT("T" & ROW());=INDIRECT("Z" & ROW())/INDIRECT("AJ" & ROW());=INDIRECT("T" & ROW())-INDIRECT("O" & ROW());=INDIRECT("AC" & ROW())/INDIRECT("T" & ROW());=INDIRECT("AC" & ROW())/INDIRECT("AJ" & ROW());=INDIRECT("Z" & ROW())+INDIRECT("AC" & ROW());=INDIRECT("AF" & ROW())/INDIRECT("T" & ROW());=INDIRECT("AF" & ROW())/INDIRECT("AJ" & ROW());=INDIRECT("K" & ROW())/INDIRECT("S" & ROW());=INDIRECT("T" & ROW())/INDIRECT("U" & ROW());=INDIRECT("AJ" & ROW())*3.1;=INDIRECT("C" & ROW())/INDIRECT("AJ" & ROW());=INDIRECT("E" & ROW())/INDIRECT("AJ" & ROW());=INDIRECT("G" & ROW())/INDIRECT("AJ" & ROW());=INDIRECT("I" & ROW())/INDIRECT("AJ" & ROW());=INDIRECT("O" & ROW())/INDIRECT("AJ" & ROW());=INDIRECT("S" & ROW())/INDIRECT("T" & ROW());=INDIRECT("U" & ROW())*1/3100000000*1000
;;5946;0;1;0;0;0;42;0;2;0;58;0;134;1;44;0;3015;5946;18576;139909158194854;14512;3783262208;=INDIRECT("Y" & ROW());=INDIRECT("T" & ROW())-INDIRECT("I" & ROW());=INDIRECT("Z" & ROW())/INDIRECT("T" & ROW());=INDIRECT("Z" & ROW())/INDIRECT("AJ" & ROW());=INDIRECT("T" & ROW())-INDIRECT("O" & ROW());=INDIRECT("AC" & ROW())/INDIRECT("T" & ROW());=INDIRECT("AC" & ROW())/INDIRECT("AJ" & ROW());=INDIRECT("Z" & ROW())+INDIRECT("AC" & ROW());=INDIRECT("AF" & ROW())/INDIRECT("T" & ROW());=INDIRECT("AF" & ROW())/INDIRECT("AJ" & ROW());=INDIRECT("K" & ROW())/INDIRECT("S" & ROW());=INDIRECT("T" & ROW())/INDIRECT("U" & ROW());=INDIRECT("AJ" & ROW())*3.1;=INDIRECT("C" & ROW())/INDIRECT("AJ" & ROW());=INDIRECT("E" & ROW())/INDIRECT("AJ" & ROW());=INDIRECT("G" & ROW())/INDIRECT("AJ" & ROW());=INDIRECT("I" & ROW())/INDIRECT("AJ" & ROW());=INDIRECT("O" & ROW())/INDIRECT("AJ" & ROW());=INDIRECT("S" & ROW())/INDIRECT("T" & ROW());=INDIRECT("U" & ROW())*1/3100000000*1000
;;4716;0;1;0;0;0;40;0;2;0;58;0;134;1;44;0;3015;4716;15867;140499622612646;11878;3783311360;=INDIRECT("Y" & ROW());=INDIRECT("T" & ROW())-INDIRECT("I" & ROW());=INDIRECT("Z" & ROW())/INDIRECT("T" & ROW());=INDIRECT("Z" & ROW())/INDIRECT("AJ" & ROW());=INDIRECT("T" & ROW())-INDIRECT("O" & ROW());=INDIRECT("AC" & ROW())/INDIRECT("T" & ROW());=INDIRECT("AC" & ROW())/INDIRECT("AJ" & ROW());=INDIRECT("Z" & ROW())+INDIRECT("AC" & ROW());=INDIRECT("AF" & ROW())/INDIRECT("T" & ROW());=INDIRECT("AF" & ROW())/INDIRECT("AJ" & ROW());=INDIRECT("K" & ROW())/INDIRECT("S" & ROW());=INDIRECT("T" & ROW())/INDIRECT("U" & ROW());=INDIRECT("AJ" & ROW())*3.1;=INDIRECT("C" & ROW())/INDIRECT("AJ" & ROW());=INDIRECT("E" & ROW())/INDIRECT("AJ" & ROW());=INDIRECT("G" & ROW())/INDIRECT("AJ" & ROW());=INDIRECT("I" & ROW())/INDIRECT("AJ" & ROW());=INDIRECT("O" & ROW())/INDIRECT("AJ" & ROW());=INDIRECT("S" & ROW())/INDIRECT("T" & ROW());=INDIRECT("U" & ROW())*1/3100000000*1000
;;5112;0;1;0;0;0;26;0;2;0;53;0;136;1;46;0;3015;5112;17673;139800091168422;12973;3783262208;=INDIRECT("Y" & ROW());=INDIRECT("T" & ROW())-INDIRECT("I" & ROW());=INDIRECT("Z" & ROW())/INDIRECT("T" & ROW());=INDIRECT("Z" & ROW())/INDIRECT("AJ" & ROW());=INDIRECT("T" & ROW())-INDIRECT("O" & ROW());=INDIRECT("AC" & ROW())/INDIRECT("T" & ROW());=INDIRECT("AC" & ROW())/INDIRECT("AJ" & ROW());=INDIRECT("Z" & ROW())+INDIRECT("AC" & ROW());=INDIRECT("AF" & ROW())/INDIRECT("T" & ROW());=INDIRECT("AF" & ROW())/INDIRECT("AJ" & ROW());=INDIRECT("K" & ROW())/INDIRECT("S" & ROW());=INDIRECT("T" & ROW())/INDIRECT("U" & ROW());=INDIRECT("AJ" & ROW())*3.1;=INDIRECT("C" & ROW())/INDIRECT("AJ" & ROW());=INDIRECT("E" & ROW())/INDIRECT("AJ" & ROW());=INDIRECT("G" & ROW())/INDIRECT("AJ" & ROW());=INDIRECT("I" & ROW())/INDIRECT("AJ" & ROW());=INDIRECT("O" & ROW())/INDIRECT("AJ" & ROW());=INDIRECT("S" & ROW())/INDIRECT("T" & ROW());=INDIRECT("U" & ROW())*1/3100000000*1000
;;5851;0;1;0;0;0;36;0;2;0;52;0;139;1;46;0;3015;5851;18834;139990681140902;12615;3783262208;=INDIRECT("Y" & ROW());=INDIRECT("T" & ROW())-INDIRECT("I" & ROW());=INDIRECT("Z" & ROW())/INDIRECT("T" & ROW());=INDIRECT("Z" & ROW())/INDIRECT("AJ" & ROW());=INDIRECT("T" & ROW())-INDIRECT("O" & ROW());=INDIRECT("AC" & ROW())/INDIRECT("T" & ROW());=INDIRECT("AC" & ROW())/INDIRECT("AJ" & ROW());=INDIRECT("Z" & ROW())+INDIRECT("AC" & ROW());=INDIRECT("AF" & ROW())/INDIRECT("T" & ROW());=INDIRECT("AF" & ROW())/INDIRECT("AJ" & ROW());=INDIRECT("K" & ROW())/INDIRECT("S" & ROW());=INDIRECT("T" & ROW())/INDIRECT("U" & ROW());=INDIRECT("AJ" & ROW())*3.1;=INDIRECT("C" & ROW())/INDIRECT("AJ" & ROW());=INDIRECT("E" & ROW())/INDIRECT("AJ" & ROW());=INDIRECT("G" & ROW())/INDIRECT("AJ" & ROW());=INDIRECT("I" & ROW())/INDIRECT("AJ" & ROW());=INDIRECT("O" & ROW())/INDIRECT("AJ" & ROW());=INDIRECT("S" & ROW())/INDIRECT("T" & ROW());=INDIRECT("U" & ROW())*1/3100000000*1000
;;5315;0;1;0;0;0;37;0;2;0;54;0;139;1;49;0;3015;5315;15609;140599699459750;11336;3783262208;=INDIRECT("Y" & ROW());=INDIRECT("T" & ROW())-INDIRECT("I" & ROW());=INDIRECT("Z" & ROW())/INDIRECT("T" & ROW());=INDIRECT("Z" & ROW())/INDIRECT("AJ" & ROW());=INDIRECT("T" & ROW())-INDIRECT("O" & ROW());=INDIRECT("AC" & ROW())/INDIRECT("T" & ROW());=INDIRECT("AC" & ROW())/INDIRECT("AJ" & ROW());=INDIRECT("Z" & ROW())+INDIRECT("AC" & ROW());=INDIRECT("AF" & ROW())/INDIRECT("T" & ROW());=INDIRECT("AF" & ROW())/INDIRECT("AJ" & ROW());=INDIRECT("K" & ROW())/INDIRECT("S" & ROW());=INDIRECT("T" & ROW())/INDIRECT("U" & ROW());=INDIRECT("AJ" & ROW())*3.1;=INDIRECT("C" & ROW())/INDIRECT("AJ" & ROW());=INDIRECT("E" & ROW())/INDIRECT("AJ" & ROW());=INDIRECT("G" & ROW())/INDIRECT("AJ" & ROW());=INDIRECT("I" & ROW())/INDIRECT("AJ" & ROW());=INDIRECT("O" & ROW())/INDIRECT("AJ" & ROW());=INDIRECT("S" & ROW())/INDIRECT("T" & ROW());=INDIRECT("U" & ROW())*1/3100000000*1000
;;5711;0;1;0;0;0;43;0;2;0;57;0;139;1;44;0;2861;5711;16641;140299662278310;12480;3783262208;=INDIRECT("Y" & ROW());=INDIRECT("T" & ROW())-INDIRECT("I" & ROW());=INDIRECT("Z" & ROW())/INDIRECT("T" & ROW());=INDIRECT("Z" & ROW())/INDIRECT("AJ" & ROW());=INDIRECT("T" & ROW())-INDIRECT("O" & ROW());=INDIRECT("AC" & ROW())/INDIRECT("T" & ROW());=INDIRECT("AC" & ROW())/INDIRECT("AJ" & ROW());=INDIRECT("Z" & ROW())+INDIRECT("AC" & ROW());=INDIRECT("AF" & ROW())/INDIRECT("T" & ROW());=INDIRECT("AF" & ROW())/INDIRECT("AJ" & ROW());=INDIRECT("K" & ROW())/INDIRECT("S" & ROW());=INDIRECT("T" & ROW())/INDIRECT("U" & ROW());=INDIRECT("AJ" & ROW())*3.1;=INDIRECT("C" & ROW())/INDIRECT("AJ" & ROW());=INDIRECT("E" & ROW())/INDIRECT("AJ" & ROW());=INDIRECT("G" & ROW())/INDIRECT("AJ" & ROW());=INDIRECT("I" & ROW())/INDIRECT("AJ" & ROW());=INDIRECT("O" & ROW())/INDIRECT("AJ" & ROW());=INDIRECT("S" & ROW())/INDIRECT("T" & ROW());=INDIRECT("U" & ROW())*1/3100000000*1000
;;5417;0;1;0;0;0;33;0;2;0;52;0;139;1;46;0;3015;5417;15351;140642638192294;11421;3783262208;=INDIRECT("Y" & ROW());=INDIRECT("T" & ROW())-INDIRECT("I" & ROW());=INDIRECT("Z" & ROW())/INDIRECT("T" & ROW());=INDIRECT("Z" & ROW())/INDIRECT("AJ" & ROW());=INDIRECT("T" & ROW())-INDIRECT("O" & ROW());=INDIRECT("AC" & ROW())/INDIRECT("T" & ROW());=INDIRECT("AC" & ROW())/INDIRECT("AJ" & ROW());=INDIRECT("Z" & ROW())+INDIRECT("AC" & ROW());=INDIRECT("AF" & ROW())/INDIRECT("T" & ROW());=INDIRECT("AF" & ROW())/INDIRECT("AJ" & ROW());=INDIRECT("K" & ROW())/INDIRECT("S" & ROW());=INDIRECT("T" & ROW())/INDIRECT("U" & ROW());=INDIRECT("AJ" & ROW())*3.1;=INDIRECT("C" & ROW())/INDIRECT("AJ" & ROW());=INDIRECT("E" & ROW())/INDIRECT("AJ" & ROW());=INDIRECT("G" & ROW())/INDIRECT("AJ" & ROW());=INDIRECT("I" & ROW())/INDIRECT("AJ" & ROW());=INDIRECT("O" & ROW())/INDIRECT("AJ" & ROW());=INDIRECT("S" & ROW())/INDIRECT("T" & ROW());=INDIRECT("U" & ROW())*1/3100000000*1000
;;6968;0;1;0;0;0;37;0;2;0;58;0;134;1;44;0;3015;6968;21543;140262883159718;16188;3783262208;=INDIRECT("Y" & ROW());=INDIRECT("T" & ROW())-INDIRECT("I" & ROW());=INDIRECT("Z" & ROW())/INDIRECT("T" & ROW());=INDIRECT("Z" & ROW())/INDIRECT("AJ" & ROW());=INDIRECT("T" & ROW())-INDIRECT("O" & ROW());=INDIRECT("AC" & ROW())/INDIRECT("T" & ROW());=INDIRECT("AC" & ROW())/INDIRECT("AJ" & ROW());=INDIRECT("Z" & ROW())+INDIRECT("AC" & ROW());=INDIRECT("AF" & ROW())/INDIRECT("T" & ROW());=INDIRECT("AF" & ROW())/INDIRECT("AJ" & ROW());=INDIRECT("K" & ROW())/INDIRECT("S" & ROW());=INDIRECT("T" & ROW())/INDIRECT("U" & ROW());=INDIRECT("AJ" & ROW())*3.1;=INDIRECT("C" & ROW())/INDIRECT("AJ" & ROW());=INDIRECT("E" & ROW())/INDIRECT("AJ" & ROW());=INDIRECT("G" & ROW())/INDIRECT("AJ" & ROW());=INDIRECT("I" & ROW())/INDIRECT("AJ" & ROW());=INDIRECT("O" & ROW())/INDIRECT("AJ" & ROW());=INDIRECT("S" & ROW())/INDIRECT("T" & ROW());=INDIRECT("U" & ROW())*1/3100000000*1000
;;4573;0;1;0;0;0;33;0;2;0;52;0;124;1;46;0;3015;4573;23478;140396324220582;16897;3783262208;=INDIRECT("Y" & ROW());=INDIRECT("T" & ROW())-INDIRECT("I" & ROW());=INDIRECT("Z" & ROW())/INDIRECT("T" & ROW());=INDIRECT("Z" & ROW())/INDIRECT("AJ" & ROW());=INDIRECT("T" & ROW())-INDIRECT("O" & ROW());=INDIRECT("AC" & ROW())/INDIRECT("T" & ROW());=INDIRECT("AC" & ROW())/INDIRECT("AJ" & ROW());=INDIRECT("Z" & ROW())+INDIRECT("AC" & ROW());=INDIRECT("AF" & ROW())/INDIRECT("T" & ROW());=INDIRECT("AF" & ROW())/INDIRECT("AJ" & ROW());=INDIRECT("K" & ROW())/INDIRECT("S" & ROW());=INDIRECT("T" & ROW())/INDIRECT("U" & ROW());=INDIRECT("AJ" & ROW())*3.1;=INDIRECT("C" & ROW())/INDIRECT("AJ" & ROW());=INDIRECT("E" & ROW())/INDIRECT("AJ" & ROW());=INDIRECT("G" & ROW())/INDIRECT("AJ" & ROW());=INDIRECT("I" & ROW())/INDIRECT("AJ" & ROW());=INDIRECT("O" & ROW())/INDIRECT("AJ" & ROW());=INDIRECT("S" & ROW())/INDIRECT("T" & ROW());=INDIRECT("U" & ROW())*1/3100000000*1000
;;4868;0;1;0;0;0;40;0;2;0;53;0;117;1;46;0;3015;4868;27735;140017844489894;20263;3783262208;=INDIRECT("Y" & ROW());=INDIRECT("T" & ROW())-INDIRECT("I" & ROW());=INDIRECT("Z" & ROW())/INDIRECT("T" & ROW());=INDIRECT("Z" & ROW())/INDIRECT("AJ" & ROW());=INDIRECT("T" & ROW())-INDIRECT("O" & ROW());=INDIRECT("AC" & ROW())/INDIRECT("T" & ROW());=INDIRECT("AC" & ROW())/INDIRECT("AJ" & ROW());=INDIRECT("Z" & ROW())+INDIRECT("AC" & ROW());=INDIRECT("AF" & ROW())/INDIRECT("T" & ROW());=INDIRECT("AF" & ROW())/INDIRECT("AJ" & ROW());=INDIRECT("K" & ROW())/INDIRECT("S" & ROW());=INDIRECT("T" & ROW())/INDIRECT("U" & ROW());=INDIRECT("AJ" & ROW())*3.1;=INDIRECT("C" & ROW())/INDIRECT("AJ" & ROW());=INDIRECT("E" & ROW())/INDIRECT("AJ" & ROW());=INDIRECT("G" & ROW())/INDIRECT("AJ" & ROW());=INDIRECT("I" & ROW())/INDIRECT("AJ" & ROW());=INDIRECT("O" & ROW())/INDIRECT("AJ" & ROW());=INDIRECT("S" & ROW())/INDIRECT("T" & ROW());=INDIRECT("U" & ROW())*1/3100000000*1000
;;5921;0;1;0;0;0;30;0;2;0;54;0;142;1;49;0;3015;5921;16770;139977769266854;12616;3783262208;=INDIRECT("Y" & ROW());=INDIRECT("T" & ROW())-INDIRECT("I" & ROW());=INDIRECT("Z" & ROW())/INDIRECT("T" & ROW());=INDIRECT("Z" & ROW())/INDIRECT("AJ" & ROW());=INDIRECT("T" & ROW())-INDIRECT("O" & ROW());=INDIRECT("AC" & ROW())/INDIRECT("T" & ROW());=INDIRECT("AC" & ROW())/INDIRECT("AJ" & ROW());=INDIRECT("Z" & ROW())+INDIRECT("AC" & ROW());=INDIRECT("AF" & ROW())/INDIRECT("T" & ROW());=INDIRECT("AF" & ROW())/INDIRECT("AJ" & ROW());=INDIRECT("K" & ROW())/INDIRECT("S" & ROW());=INDIRECT("T" & ROW())/INDIRECT("U" & ROW());=INDIRECT("AJ" & ROW())*3.1;=INDIRECT("C" & ROW())/INDIRECT("AJ" & ROW());=INDIRECT("E" & ROW())/INDIRECT("AJ" & ROW());=INDIRECT("G" & ROW())/INDIRECT("AJ" & ROW());=INDIRECT("I" & ROW())/INDIRECT("AJ" & ROW());=INDIRECT("O" & ROW())/INDIRECT("AJ" & ROW());=INDIRECT("S" & ROW())/INDIRECT("T" & ROW());=INDIRECT("U" & ROW())*1/3100000000*1000
;;5127;0;1;0;0;0;33;0;2;0;54;0;139;1;49;0;3015;5127;15351;139704972488358;11211;3783262208;=INDIRECT("Y" & ROW());=INDIRECT("T" & ROW())-INDIRECT("I" & ROW());=INDIRECT("Z" & ROW())/INDIRECT("T" & ROW());=INDIRECT("Z" & ROW())/INDIRECT("AJ" & ROW());=INDIRECT("T" & ROW())-INDIRECT("O" & ROW());=INDIRECT("AC" & ROW())/INDIRECT("T" & ROW());=INDIRECT("AC" & ROW())/INDIRECT("AJ" & ROW());=INDIRECT("Z" & ROW())+INDIRECT("AC" & ROW());=INDIRECT("AF" & ROW())/INDIRECT("T" & ROW());=INDIRECT("AF" & ROW())/INDIRECT("AJ" & ROW());=INDIRECT("K" & ROW())/INDIRECT("S" & ROW());=INDIRECT("T" & ROW())/INDIRECT("U" & ROW());=INDIRECT("AJ" & ROW())*3.1;=INDIRECT("C" & ROW())/INDIRECT("AJ" & ROW());=INDIRECT("E" & ROW())/INDIRECT("AJ" & ROW());=INDIRECT("G" & ROW())/INDIRECT("AJ" & ROW());=INDIRECT("I" & ROW())/INDIRECT("AJ" & ROW());=INDIRECT("O" & ROW())/INDIRECT("AJ" & ROW());=INDIRECT("S" & ROW())/INDIRECT("T" & ROW());=INDIRECT("U" & ROW())*1/3100000000*1000
;;6112;0;1;0;0;0;33;0;2;0;52;0;139;1;46;0;3015;6112;18060;140318728806054;13664;3783262208;=INDIRECT("Y" & ROW());=INDIRECT("T" & ROW())-INDIRECT("I" & ROW());=INDIRECT("Z" & ROW())/INDIRECT("T" & ROW());=INDIRECT("Z" & ROW())/INDIRECT("AJ" & ROW());=INDIRECT("T" & ROW())-INDIRECT("O" & ROW());=INDIRECT("AC" & ROW())/INDIRECT("T" & ROW());=INDIRECT("AC" & ROW())/INDIRECT("AJ" & ROW());=INDIRECT("Z" & ROW())+INDIRECT("AC" & ROW());=INDIRECT("AF" & ROW())/INDIRECT("T" & ROW());=INDIRECT("AF" & ROW())/INDIRECT("AJ" & ROW());=INDIRECT("K" & ROW())/INDIRECT("S" & ROW());=INDIRECT("T" & ROW())/INDIRECT("U" & ROW());=INDIRECT("AJ" & ROW())*3.1;=INDIRECT("C" & ROW())/INDIRECT("AJ" & ROW());=INDIRECT("E" & ROW())/INDIRECT("AJ" & ROW());=INDIRECT("G" & ROW())/INDIRECT("AJ" & ROW());=INDIRECT("I" & ROW())/INDIRECT("AJ" & ROW());=INDIRECT("O" & ROW())/INDIRECT("AJ" & ROW());=INDIRECT("S" & ROW())/INDIRECT("T" & ROW());=INDIRECT("U" & ROW())*1/3100000000*1000
;;6271;0;1;0;0;0;35;0;2;0;57;0;138;1;44;0;2861;6271;19092;140595215416998;14369;3783262208;=INDIRECT("Y" & ROW());=INDIRECT("T" & ROW())-INDIRECT("I" & ROW());=INDIRECT("Z" & ROW())/INDIRECT("T" & ROW());=INDIRECT("Z" & ROW())/INDIRECT("AJ" & ROW());=INDIRECT("T" & ROW())-INDIRECT("O" & ROW());=INDIRECT("AC" & ROW())/INDIRECT("T" & ROW());=INDIRECT("AC" & ROW())/INDIRECT("AJ" & ROW());=INDIRECT("Z" & ROW())+INDIRECT("AC" & ROW());=INDIRECT("AF" & ROW())/INDIRECT("T" & ROW());=INDIRECT("AF" & ROW())/INDIRECT("AJ" & ROW());=INDIRECT("K" & ROW())/INDIRECT("S" & ROW());=INDIRECT("T" & ROW())/INDIRECT("U" & ROW());=INDIRECT("AJ" & ROW())*3.1;=INDIRECT("C" & ROW())/INDIRECT("AJ" & ROW());=INDIRECT("E" & ROW())/INDIRECT("AJ" & ROW());=INDIRECT("G" & ROW())/INDIRECT("AJ" & ROW());=INDIRECT("I" & ROW())/INDIRECT("AJ" & ROW());=INDIRECT("O" & ROW())/INDIRECT("AJ" & ROW());=INDIRECT("S" & ROW())/INDIRECT("T" & ROW());=INDIRECT("U" & ROW())*1/3100000000*1000
;;5766;0;1;0;0;0;31;0;2;0;54;0;125;1;45;0;3015;5766;22833;140184027905702;17268;3783262208;=INDIRECT("Y" & ROW());=INDIRECT("T" & ROW())-INDIRECT("I" & ROW());=INDIRECT("Z" & ROW())/INDIRECT("T" & ROW());=INDIRECT("Z" & ROW())/INDIRECT("AJ" & ROW());=INDIRECT("T" & ROW())-INDIRECT("O" & ROW());=INDIRECT("AC" & ROW())/INDIRECT("T" & ROW());=INDIRECT("AC" & ROW())/INDIRECT("AJ" & ROW());=INDIRECT("Z" & ROW())+INDIRECT("AC" & ROW());=INDIRECT("AF" & ROW())/INDIRECT("T" & ROW());=INDIRECT("AF" & ROW())/INDIRECT("AJ" & ROW());=INDIRECT("K" & ROW())/INDIRECT("S" & ROW());=INDIRECT("T" & ROW())/INDIRECT("U" & ROW());=INDIRECT("AJ" & ROW())*3.1;=INDIRECT("C" & ROW())/INDIRECT("AJ" & ROW());=INDIRECT("E" & ROW())/INDIRECT("AJ" & ROW());=INDIRECT("G" & ROW())/INDIRECT("AJ" & ROW());=INDIRECT("I" & ROW())/INDIRECT("AJ" & ROW());=INDIRECT("O" & ROW())/INDIRECT("AJ" & ROW());=INDIRECT("S" & ROW())/INDIRECT("T" & ROW());=INDIRECT("U" & ROW())*1/3100000000*1000
;;5362;0;1;0;0;0;34;0;2;0;53;0;128;1;46;0;3015;5362;22317;139752172125862;16101;3783262208;=INDIRECT("Y" & ROW());=INDIRECT("T" & ROW())-INDIRECT("I" & ROW());=INDIRECT("Z" & ROW())/INDIRECT("T" & ROW());=INDIRECT("Z" & ROW())/INDIRECT("AJ" & ROW());=INDIRECT("T" & ROW())-INDIRECT("O" & ROW());=INDIRECT("AC" & ROW())/INDIRECT("T" & ROW());=INDIRECT("AC" & ROW())/INDIRECT("AJ" & ROW());=INDIRECT("Z" & ROW())+INDIRECT("AC" & ROW());=INDIRECT("AF" & ROW())/INDIRECT("T" & ROW());=INDIRECT("AF" & ROW())/INDIRECT("AJ" & ROW());=INDIRECT("K" & ROW())/INDIRECT("S" & ROW());=INDIRECT("T" & ROW())/INDIRECT("U" & ROW());=INDIRECT("AJ" & ROW())*3.1;=INDIRECT("C" & ROW())/INDIRECT("AJ" & ROW());=INDIRECT("E" & ROW())/INDIRECT("AJ" & ROW());=INDIRECT("G" & ROW())/INDIRECT("AJ" & ROW());=INDIRECT("I" & ROW())/INDIRECT("AJ" & ROW());=INDIRECT("O" & ROW())/INDIRECT("AJ" & ROW());=INDIRECT("S" & ROW())/INDIRECT("T" & ROW());=INDIRECT("U" & ROW())*1/3100000000*1000
;;5159;0;1;0;0;0;37;0;2;0;57;0;139;1;44;0;3015;5159;15093;139624925331110;10981;3783262208;=INDIRECT("Y" & ROW());=INDIRECT("T" & ROW())-INDIRECT("I" & ROW());=INDIRECT("Z" & ROW())/INDIRECT("T" & ROW());=INDIRECT("Z" & ROW())/INDIRECT("AJ" & ROW());=INDIRECT("T" & ROW())-INDIRECT("O" & ROW());=INDIRECT("AC" & ROW())/INDIRECT("T" & ROW());=INDIRECT("AC" & ROW())/INDIRECT("AJ" & ROW());=INDIRECT("Z" & ROW())+INDIRECT("AC" & ROW());=INDIRECT("AF" & ROW())/INDIRECT("T" & ROW());=INDIRECT("AF" & ROW())/INDIRECT("AJ" & ROW());=INDIRECT("K" & ROW())/INDIRECT("S" & ROW());=INDIRECT("T" & ROW())/INDIRECT("U" & ROW());=INDIRECT("AJ" & ROW())*3.1;=INDIRECT("C" & ROW())/INDIRECT("AJ" & ROW());=INDIRECT("E" & ROW())/INDIRECT("AJ" & ROW());=INDIRECT("G" & ROW())/INDIRECT("AJ" & ROW());=INDIRECT("I" & ROW())/INDIRECT("AJ" & ROW());=INDIRECT("O" & ROW())/INDIRECT("AJ" & ROW());=INDIRECT("S" & ROW())/INDIRECT("T" & ROW());=INDIRECT("U" & ROW())*1/3100000000*1000
;;5381;0;1;0;0;0;37;0;2;0;54;0;139;1;49;0;3015;5381;15609;139945193750182;11541;3783262208;=INDIRECT("Y" & ROW());=INDIRECT("T" & ROW())-INDIRECT("I" & ROW());=INDIRECT("Z" & ROW())/INDIRECT("T" & ROW());=INDIRECT("Z" & ROW())/INDIRECT("AJ" & ROW());=INDIRECT("T" & ROW())-INDIRECT("O" & ROW());=INDIRECT("AC" & ROW())/INDIRECT("T" & ROW());=INDIRECT("AC" & ROW())/INDIRECT("AJ" & ROW());=INDIRECT("Z" & ROW())+INDIRECT("AC" & ROW());=INDIRECT("AF" & ROW())/INDIRECT("T" & ROW());=INDIRECT("AF" & ROW())/INDIRECT("AJ" & ROW());=INDIRECT("K" & ROW())/INDIRECT("S" & ROW());=INDIRECT("T" & ROW())/INDIRECT("U" & ROW());=INDIRECT("AJ" & ROW())*3.1;=INDIRECT("C" & ROW())/INDIRECT("AJ" & ROW());=INDIRECT("E" & ROW())/INDIRECT("AJ" & ROW());=INDIRECT("G" & ROW())/INDIRECT("AJ" & ROW());=INDIRECT("I" & ROW())/INDIRECT("AJ" & ROW());=INDIRECT("O" & ROW())/INDIRECT("AJ" & ROW());=INDIRECT("S" & ROW())/INDIRECT("T" & ROW());=INDIRECT("U" & ROW())*1/3100000000*1000
;;4273;0;1;0;0;0;37;0;2;0;57;0;121;1;44;0;3015;4273;25155;140508344290982;18610;3783262208;=INDIRECT("Y" & ROW());=INDIRECT("T" & ROW())-INDIRECT("I" & ROW());=INDIRECT("Z" & ROW())/INDIRECT("T" & ROW());=INDIRECT("Z" & ROW())/INDIRECT("AJ" & ROW());=INDIRECT("T" & ROW())-INDIRECT("O" & ROW());=INDIRECT("AC" & ROW())/INDIRECT("T" & ROW());=INDIRECT("AC" & ROW())/INDIRECT("AJ" & ROW());=INDIRECT("Z" & ROW())+INDIRECT("AC" & ROW());=INDIRECT("AF" & ROW())/INDIRECT("T" & ROW());=INDIRECT("AF" & ROW())/INDIRECT("AJ" & ROW());=INDIRECT("K" & ROW())/INDIRECT("S" & ROW());=INDIRECT("T" & ROW())/INDIRECT("U" & ROW());=INDIRECT("AJ" & ROW())*3.1;=INDIRECT("C" & ROW())/INDIRECT("AJ" & ROW());=INDIRECT("E" & ROW())/INDIRECT("AJ" & ROW());=INDIRECT("G" & ROW())/INDIRECT("AJ" & ROW());=INDIRECT("I" & ROW())/INDIRECT("AJ" & ROW());=INDIRECT("O" & ROW())/INDIRECT("AJ" & ROW());=INDIRECT("S" & ROW())/INDIRECT("T" & ROW());=INDIRECT("U" & ROW())*1/3100000000*1000
;;6729;0;1;0;0;0;33;0;2;0;53;0;137;1;46;0;3015;6729;23349;140004121218726;16480;3783262208;=INDIRECT("Y" & ROW());=INDIRECT("T" & ROW())-INDIRECT("I" & ROW());=INDIRECT("Z" & ROW())/INDIRECT("T" & ROW());=INDIRECT("Z" & ROW())/INDIRECT("AJ" & ROW());=INDIRECT("T" & ROW())-INDIRECT("O" & ROW());=INDIRECT("AC" & ROW())/INDIRECT("T" & ROW());=INDIRECT("AC" & ROW())/INDIRECT("AJ" & ROW());=INDIRECT("Z" & ROW())+INDIRECT("AC" & ROW());=INDIRECT("AF" & ROW())/INDIRECT("T" & ROW());=INDIRECT("AF" & ROW())/INDIRECT("AJ" & ROW());=INDIRECT("K" & ROW())/INDIRECT("S" & ROW());=INDIRECT("T" & ROW())/INDIRECT("U" & ROW());=INDIRECT("AJ" & ROW())*3.1;=INDIRECT("C" & ROW())/INDIRECT("AJ" & ROW());=INDIRECT("E" & ROW())/INDIRECT("AJ" & ROW());=INDIRECT("G" & ROW())/INDIRECT("AJ" & ROW());=INDIRECT("I" & ROW())/INDIRECT("AJ" & ROW());=INDIRECT("O" & ROW())/INDIRECT("AJ" & ROW());=INDIRECT("S" & ROW())/INDIRECT("T" & ROW());=INDIRECT("U" & ROW())*1/3100000000*1000
;;5449;0;1;0;0;0;34;0;2;0;58;0;134;1;44;0;3015;5449;17673;140652446764710;13269;3783311360;=INDIRECT("Y" & ROW());=INDIRECT("T" & ROW())-INDIRECT("I" & ROW());=INDIRECT("Z" & ROW())/INDIRECT("T" & ROW());=INDIRECT("Z" & ROW())/INDIRECT("AJ" & ROW());=INDIRECT("T" & ROW())-INDIRECT("O" & ROW());=INDIRECT("AC" & ROW())/INDIRECT("T" & ROW());=INDIRECT("AC" & ROW())/INDIRECT("AJ" & ROW());=INDIRECT("Z" & ROW())+INDIRECT("AC" & ROW());=INDIRECT("AF" & ROW())/INDIRECT("T" & ROW());=INDIRECT("AF" & ROW())/INDIRECT("AJ" & ROW());=INDIRECT("K" & ROW())/INDIRECT("S" & ROW());=INDIRECT("T" & ROW())/INDIRECT("U" & ROW());=INDIRECT("AJ" & ROW())*3.1;=INDIRECT("C" & ROW())/INDIRECT("AJ" & ROW());=INDIRECT("E" & ROW())/INDIRECT("AJ" & ROW());=INDIRECT("G" & ROW())/INDIRECT("AJ" & ROW());=INDIRECT("I" & ROW())/INDIRECT("AJ" & ROW());=INDIRECT("O" & ROW())/INDIRECT("AJ" & ROW());=INDIRECT("S" & ROW())/INDIRECT("T" & ROW());=INDIRECT("U" & ROW())*1/3100000000*1000
;;4610;0;1;0;0;0;33;0;2;0;52;0;121;1;46;0;3015;4610;21543;140493064933030;15605;3783262208;=INDIRECT("Y" & ROW());=INDIRECT("T" & ROW())-INDIRECT("I" & ROW());=INDIRECT("Z" & ROW())/INDIRECT("T" & ROW());=INDIRECT("Z" & ROW())/INDIRECT("AJ" & ROW());=INDIRECT("T" & ROW())-INDIRECT("O" & ROW());=INDIRECT("AC" & ROW())/INDIRECT("T" & ROW());=INDIRECT("AC" & ROW())/INDIRECT("AJ" & ROW());=INDIRECT("Z" & ROW())+INDIRECT("AC" & ROW());=INDIRECT("AF" & ROW())/INDIRECT("T" & ROW());=INDIRECT("AF" & ROW())/INDIRECT("AJ" & ROW());=INDIRECT("K" & ROW())/INDIRECT("S" & ROW());=INDIRECT("T" & ROW())/INDIRECT("U" & ROW());=INDIRECT("AJ" & ROW())*3.1;=INDIRECT("C" & ROW())/INDIRECT("AJ" & ROW());=INDIRECT("E" & ROW())/INDIRECT("AJ" & ROW());=INDIRECT("G" & ROW())/INDIRECT("AJ" & ROW());=INDIRECT("I" & ROW())/INDIRECT("AJ" & ROW());=INDIRECT("O" & ROW())/INDIRECT("AJ" & ROW());=INDIRECT("S" & ROW())/INDIRECT("T" & ROW());=INDIRECT("U" & ROW())*1/3100000000*1000
;;6792;0;1;0;0;0;43;0;2;0;52;0;138;1;46;0;2861;6792;19479;139715098840742;14805;3783262208;=INDIRECT("Y" & ROW());=INDIRECT("T" & ROW())-INDIRECT("I" & ROW());=INDIRECT("Z" & ROW())/INDIRECT("T" & ROW());=INDIRECT("Z" & ROW())/INDIRECT("AJ" & ROW());=INDIRECT("T" & ROW())-INDIRECT("O" & ROW());=INDIRECT("AC" & ROW())/INDIRECT("T" & ROW());=INDIRECT("AC" & ROW())/INDIRECT("AJ" & ROW());=INDIRECT("Z" & ROW())+INDIRECT("AC" & ROW());=INDIRECT("AF" & ROW())/INDIRECT("T" & ROW());=INDIRECT("AF" & ROW())/INDIRECT("AJ" & ROW());=INDIRECT("K" & ROW())/INDIRECT("S" & ROW());=INDIRECT("T" & ROW())/INDIRECT("U" & ROW());=INDIRECT("AJ" & ROW())*3.1;=INDIRECT("C" & ROW())/INDIRECT("AJ" & ROW());=INDIRECT("E" & ROW())/INDIRECT("AJ" & ROW());=INDIRECT("G" & ROW())/INDIRECT("AJ" & ROW());=INDIRECT("I" & ROW())/INDIRECT("AJ" & ROW());=INDIRECT("O" & ROW())/INDIRECT("AJ" & ROW());=INDIRECT("S" & ROW())/INDIRECT("T" & ROW());=INDIRECT("U" & ROW())*1/3100000000*1000
;;6641;0;1;0;0;0;37;0;2;0;59;0;134;1;43;0;3015;6641;17286;140609983131302;13014;3783311360;=INDIRECT("Y" & ROW());=INDIRECT("T" & ROW())-INDIRECT("I" & ROW());=INDIRECT("Z" & ROW())/INDIRECT("T" & ROW());=INDIRECT("Z" & ROW())/INDIRECT("AJ" & ROW());=INDIRECT("T" & ROW())-INDIRECT("O" & ROW());=INDIRECT("AC" & ROW())/INDIRECT("T" & ROW());=INDIRECT("AC" & ROW())/INDIRECT("AJ" & ROW());=INDIRECT("Z" & ROW())+INDIRECT("AC" & ROW());=INDIRECT("AF" & ROW())/INDIRECT("T" & ROW());=INDIRECT("AF" & ROW())/INDIRECT("AJ" & ROW());=INDIRECT("K" & ROW())/INDIRECT("S" & ROW());=INDIRECT("T" & ROW())/INDIRECT("U" & ROW());=INDIRECT("AJ" & ROW())*3.1;=INDIRECT("C" & ROW())/INDIRECT("AJ" & ROW());=INDIRECT("E" & ROW())/INDIRECT("AJ" & ROW());=INDIRECT("G" & ROW())/INDIRECT("AJ" & ROW());=INDIRECT("I" & ROW())/INDIRECT("AJ" & ROW());=INDIRECT("O" & ROW())/INDIRECT("AJ" & ROW());=INDIRECT("S" & ROW())/INDIRECT("T" & ROW());=INDIRECT("U" & ROW())*1/3100000000*1000
;;5023;0;1;0;0;0;37;0;2;0;58;0;134;1;44;0;3015;5023;15738;139897761148582;11489;3783262208;=INDIRECT("Y" & ROW());=INDIRECT("T" & ROW())-INDIRECT("I" & ROW());=INDIRECT("Z" & ROW())/INDIRECT("T" & ROW());=INDIRECT("Z" & ROW())/INDIRECT("AJ" & ROW());=INDIRECT("T" & ROW())-INDIRECT("O" & ROW());=INDIRECT("AC" & ROW())/INDIRECT("T" & ROW());=INDIRECT("AC" & ROW())/INDIRECT("AJ" & ROW());=INDIRECT("Z" & ROW())+INDIRECT("AC" & ROW());=INDIRECT("AF" & ROW())/INDIRECT("T" & ROW());=INDIRECT("AF" & ROW())/INDIRECT("AJ" & ROW());=INDIRECT("K" & ROW())/INDIRECT("S" & ROW());=INDIRECT("T" & ROW())/INDIRECT("U" & ROW());=INDIRECT("AJ" & ROW())*3.1;=INDIRECT("C" & ROW())/INDIRECT("AJ" & ROW());=INDIRECT("E" & ROW())/INDIRECT("AJ" & ROW());=INDIRECT("G" & ROW())/INDIRECT("AJ" & ROW());=INDIRECT("I" & ROW())/INDIRECT("AJ" & ROW());=INDIRECT("O" & ROW())/INDIRECT("AJ" & ROW());=INDIRECT("S" & ROW())/INDIRECT("T" & ROW());=INDIRECT("U" & ROW())*1/3100000000*1000
;;5974;0;1;0;0;0;36;0;2;0;53;0;134;1;46;0;3015;5974;16770;140541281271462;12616;3783262208;=INDIRECT("Y" & ROW());=INDIRECT("T" & ROW())-INDIRECT("I" & ROW());=INDIRECT("Z" & ROW())/INDIRECT("T" & ROW());=INDIRECT("Z" & ROW())/INDIRECT("AJ" & ROW());=INDIRECT("T" & ROW())-INDIRECT("O" & ROW());=INDIRECT("AC" & ROW())/INDIRECT("T" & ROW());=INDIRECT("AC" & ROW())/INDIRECT("AJ" & ROW());=INDIRECT("Z" & ROW())+INDIRECT("AC" & ROW());=INDIRECT("AF" & ROW())/INDIRECT("T" & ROW());=INDIRECT("AF" & ROW())/INDIRECT("AJ" & ROW());=INDIRECT("K" & ROW())/INDIRECT("S" & ROW());=INDIRECT("T" & ROW())/INDIRECT("U" & ROW());=INDIRECT("AJ" & ROW())*3.1;=INDIRECT("C" & ROW())/INDIRECT("AJ" & ROW());=INDIRECT("E" & ROW())/INDIRECT("AJ" & ROW());=INDIRECT("G" & ROW())/INDIRECT("AJ" & ROW());=INDIRECT("I" & ROW())/INDIRECT("AJ" & ROW());=INDIRECT("O" & ROW())/INDIRECT("AJ" & ROW());=INDIRECT("S" & ROW())/INDIRECT("T" & ROW());=INDIRECT("U" & ROW())*1/3100000000*1000
;;5581;0;1;0;0;0;34;0;2;0;54;0;131;1;49;0;3015;5581;19995;140558062960294;14982;3783262208;=INDIRECT("Y" & ROW());=INDIRECT("T" & ROW())-INDIRECT("I" & ROW());=INDIRECT("Z" & ROW())/INDIRECT("T" & ROW());=INDIRECT("Z" & ROW())/INDIRECT("AJ" & ROW());=INDIRECT("T" & ROW())-INDIRECT("O" & ROW());=INDIRECT("AC" & ROW())/INDIRECT("T" & ROW());=INDIRECT("AC" & ROW())/INDIRECT("AJ" & ROW());=INDIRECT("Z" & ROW())+INDIRECT("AC" & ROW());=INDIRECT("AF" & ROW())/INDIRECT("T" & ROW());=INDIRECT("AF" & ROW())/INDIRECT("AJ" & ROW());=INDIRECT("K" & ROW())/INDIRECT("S" & ROW());=INDIRECT("T" & ROW())/INDIRECT("U" & ROW());=INDIRECT("AJ" & ROW())*3.1;=INDIRECT("C" & ROW())/INDIRECT("AJ" & ROW());=INDIRECT("E" & ROW())/INDIRECT("AJ" & ROW());=INDIRECT("G" & ROW())/INDIRECT("AJ" & ROW());=INDIRECT("I" & ROW())/INDIRECT("AJ" & ROW());=INDIRECT("O" & ROW())/INDIRECT("AJ" & ROW());=INDIRECT("S" & ROW())/INDIRECT("T" & ROW());=INDIRECT("U" & ROW())*1/3100000000*1000
;;5532;0;1;0;0;0;36;0;2;0;52;0;139;1;46;0;2861;5532;17673;139634753093286;13493;3783262208;=INDIRECT("Y" & ROW());=INDIRECT("T" & ROW())-INDIRECT("I" & ROW());=INDIRECT("Z" & ROW())/INDIRECT("T" & ROW());=INDIRECT("Z" & ROW())/INDIRECT("AJ" & ROW());=INDIRECT("T" & ROW())-INDIRECT("O" & ROW());=INDIRECT("AC" & ROW())/INDIRECT("T" & ROW());=INDIRECT("AC" & ROW())/INDIRECT("AJ" & ROW());=INDIRECT("Z" & ROW())+INDIRECT("AC" & ROW());=INDIRECT("AF" & ROW())/INDIRECT("T" & ROW());=INDIRECT("AF" & ROW())/INDIRECT("AJ" & ROW());=INDIRECT("K" & ROW())/INDIRECT("S" & ROW());=INDIRECT("T" & ROW())/INDIRECT("U" & ROW());=INDIRECT("AJ" & ROW())*3.1;=INDIRECT("C" & ROW())/INDIRECT("AJ" & ROW());=INDIRECT("E" & ROW())/INDIRECT("AJ" & ROW());=INDIRECT("G" & ROW())/INDIRECT("AJ" & ROW());=INDIRECT("I" & ROW())/INDIRECT("AJ" & ROW());=INDIRECT("O" & ROW())/INDIRECT("AJ" & ROW());=INDIRECT("S" & ROW())/INDIRECT("T" & ROW());=INDIRECT("U" & ROW())*1/3100000000*1000
;;6626;0;1;0;0;0;37;0;2;0;58;0;134;1;44;0;3015;6626;19221;140662873009830;14930;3783262208;=INDIRECT("Y" & ROW());=INDIRECT("T" & ROW())-INDIRECT("I" & ROW());=INDIRECT("Z" & ROW())/INDIRECT("T" & ROW());=INDIRECT("Z" & ROW())/INDIRECT("AJ" & ROW());=INDIRECT("T" & ROW())-INDIRECT("O" & ROW());=INDIRECT("AC" & ROW())/INDIRECT("T" & ROW());=INDIRECT("AC" & ROW())/INDIRECT("AJ" & ROW());=INDIRECT("Z" & ROW())+INDIRECT("AC" & ROW());=INDIRECT("AF" & ROW())/INDIRECT("T" & ROW());=INDIRECT("AF" & ROW())/INDIRECT("AJ" & ROW());=INDIRECT("K" & ROW())/INDIRECT("S" & ROW());=INDIRECT("T" & ROW())/INDIRECT("U" & ROW());=INDIRECT("AJ" & ROW())*3.1;=INDIRECT("C" & ROW())/INDIRECT("AJ" & ROW());=INDIRECT("E" & ROW())/INDIRECT("AJ" & ROW());=INDIRECT("G" & ROW())/INDIRECT("AJ" & ROW());=INDIRECT("I" & ROW())/INDIRECT("AJ" & ROW());=INDIRECT("O" & ROW())/INDIRECT("AJ" & ROW());=INDIRECT("S" & ROW())/INDIRECT("T" & ROW());=INDIRECT("U" & ROW())*1/3100000000*1000
;;7510;0;1;0;0;0;27;0;2;0;52;0;140;1;46;0;3015;7510;17802;139841397173926;13767;3783262208;=INDIRECT("Y" & ROW());=INDIRECT("T" & ROW())-INDIRECT("I" & ROW());=INDIRECT("Z" & ROW())/INDIRECT("T" & ROW());=INDIRECT("Z" & ROW())/INDIRECT("AJ" & ROW());=INDIRECT("T" & ROW())-INDIRECT("O" & ROW());=INDIRECT("AC" & ROW())/INDIRECT("T" & ROW());=INDIRECT("AC" & ROW())/INDIRECT("AJ" & ROW());=INDIRECT("Z" & ROW())+INDIRECT("AC" & ROW());=INDIRECT("AF" & ROW())/INDIRECT("T" & ROW());=INDIRECT("AF" & ROW())/INDIRECT("AJ" & ROW());=INDIRECT("K" & ROW())/INDIRECT("S" & ROW());=INDIRECT("T" & ROW())/INDIRECT("U" & ROW());=INDIRECT("AJ" & ROW())*3.1;=INDIRECT("C" & ROW())/INDIRECT("AJ" & ROW());=INDIRECT("E" & ROW())/INDIRECT("AJ" & ROW());=INDIRECT("G" & ROW())/INDIRECT("AJ" & ROW());=INDIRECT("I" & ROW())/INDIRECT("AJ" & ROW());=INDIRECT("O" & ROW())/INDIRECT("AJ" & ROW());=INDIRECT("S" & ROW())/INDIRECT("T" & ROW());=INDIRECT("U" & ROW())*1/3100000000*1000
;;6773;0;1;0;0;0;27;0;2;0;55;0;136;1;49;0;3015;6773;18834;140526560800422;13975;3783262208;=INDIRECT("Y" & ROW());=INDIRECT("T" & ROW())-INDIRECT("I" & ROW());=INDIRECT("Z" & ROW())/INDIRECT("T" & ROW());=INDIRECT("Z" & ROW())/INDIRECT("AJ" & ROW());=INDIRECT("T" & ROW())-INDIRECT("O" & ROW());=INDIRECT("AC" & ROW())/INDIRECT("T" & ROW());=INDIRECT("AC" & ROW())/INDIRECT("AJ" & ROW());=INDIRECT("Z" & ROW())+INDIRECT("AC" & ROW());=INDIRECT("AF" & ROW())/INDIRECT("T" & ROW());=INDIRECT("AF" & ROW())/INDIRECT("AJ" & ROW());=INDIRECT("K" & ROW())/INDIRECT("S" & ROW());=INDIRECT("T" & ROW())/INDIRECT("U" & ROW());=INDIRECT("AJ" & ROW())*3.1;=INDIRECT("C" & ROW())/INDIRECT("AJ" & ROW());=INDIRECT("E" & ROW())/INDIRECT("AJ" & ROW());=INDIRECT("G" & ROW())/INDIRECT("AJ" & ROW());=INDIRECT("I" & ROW())/INDIRECT("AJ" & ROW());=INDIRECT("O" & ROW())/INDIRECT("AJ" & ROW());=INDIRECT("S" & ROW())/INDIRECT("T" & ROW());=INDIRECT("U" & ROW())*1/3100000000*1000
;;9095;0;1;0;0;0;37;0;2;0;52;0;139;1;46;0;3015;9095;22059;139624343981734;16441;3783262208;=INDIRECT("Y" & ROW());=INDIRECT("T" & ROW())-INDIRECT("I" & ROW());=INDIRECT("Z" & ROW())/INDIRECT("T" & ROW());=INDIRECT("Z" & ROW())/INDIRECT("AJ" & ROW());=INDIRECT("T" & ROW())-INDIRECT("O" & ROW());=INDIRECT("AC" & ROW())/INDIRECT("T" & ROW());=INDIRECT("AC" & ROW())/INDIRECT("AJ" & ROW());=INDIRECT("Z" & ROW())+INDIRECT("AC" & ROW());=INDIRECT("AF" & ROW())/INDIRECT("T" & ROW());=INDIRECT("AF" & ROW())/INDIRECT("AJ" & ROW());=INDIRECT("K" & ROW())/INDIRECT("S" & ROW());=INDIRECT("T" & ROW())/INDIRECT("U" & ROW());=INDIRECT("AJ" & ROW())*3.1;=INDIRECT("C" & ROW())/INDIRECT("AJ" & ROW());=INDIRECT("E" & ROW())/INDIRECT("AJ" & ROW());=INDIRECT("G" & ROW())/INDIRECT("AJ" & ROW());=INDIRECT("I" & ROW())/INDIRECT("AJ" & ROW());=INDIRECT("O" & ROW())/INDIRECT("AJ" & ROW());=INDIRECT("S" & ROW())/INDIRECT("T" & ROW());=INDIRECT("U" & ROW())*1/3100000000*1000
;;4164;0;1;0;0;0;32;0;2;0;55;0;118;1;49;0;3018;4164;26058;140302673559206;19354;3783262208;=INDIRECT("Y" & ROW());=INDIRECT("T" & ROW())-INDIRECT("I" & ROW());=INDIRECT("Z" & ROW())/INDIRECT("T" & ROW());=INDIRECT("Z" & ROW())/INDIRECT("AJ" & ROW());=INDIRECT("T" & ROW())-INDIRECT("O" & ROW());=INDIRECT("AC" & ROW())/INDIRECT("T" & ROW());=INDIRECT("AC" & ROW())/INDIRECT("AJ" & ROW());=INDIRECT("Z" & ROW())+INDIRECT("AC" & ROW());=INDIRECT("AF" & ROW())/INDIRECT("T" & ROW());=INDIRECT("AF" & ROW())/INDIRECT("AJ" & ROW());=INDIRECT("K" & ROW())/INDIRECT("S" & ROW());=INDIRECT("T" & ROW())/INDIRECT("U" & ROW());=INDIRECT("AJ" & ROW())*3.1;=INDIRECT("C" & ROW())/INDIRECT("AJ" & ROW());=INDIRECT("E" & ROW())/INDIRECT("AJ" & ROW());=INDIRECT("G" & ROW())/INDIRECT("AJ" & ROW());=INDIRECT("I" & ROW())/INDIRECT("AJ" & ROW());=INDIRECT("O" & ROW())/INDIRECT("AJ" & ROW());=INDIRECT("S" & ROW())/INDIRECT("T" & ROW());=INDIRECT("U" & ROW())*1/3100000000*1000
;;6713;0;1;0;0;0;30;0;2;0;58;0;134;1;44;0;3015;6713;18576;139991273438886;13771;3783262208;=INDIRECT("Y" & ROW());=INDIRECT("T" & ROW())-INDIRECT("I" & ROW());=INDIRECT("Z" & ROW())/INDIRECT("T" & ROW());=INDIRECT("Z" & ROW())/INDIRECT("AJ" & ROW());=INDIRECT("T" & ROW())-INDIRECT("O" & ROW());=INDIRECT("AC" & ROW())/INDIRECT("T" & ROW());=INDIRECT("AC" & ROW())/INDIRECT("AJ" & ROW());=INDIRECT("Z" & ROW())+INDIRECT("AC" & ROW());=INDIRECT("AF" & ROW())/INDIRECT("T" & ROW());=INDIRECT("AF" & ROW())/INDIRECT("AJ" & ROW());=INDIRECT("K" & ROW())/INDIRECT("S" & ROW());=INDIRECT("T" & ROW())/INDIRECT("U" & ROW());=INDIRECT("AJ" & ROW())*3.1;=INDIRECT("C" & ROW())/INDIRECT("AJ" & ROW());=INDIRECT("E" & ROW())/INDIRECT("AJ" & ROW());=INDIRECT("G" & ROW())/INDIRECT("AJ" & ROW());=INDIRECT("I" & ROW())/INDIRECT("AJ" & ROW());=INDIRECT("O" & ROW())/INDIRECT("AJ" & ROW());=INDIRECT("S" & ROW())/INDIRECT("T" & ROW());=INDIRECT("U" & ROW())*1/3100000000*1000
;;6514;0;1;0;0;0;22;0;2;0;54;0;141;1;49;0;3015;6514;16125;140095595060902;12038;3783262208;=INDIRECT("Y" & ROW());=INDIRECT("T" & ROW())-INDIRECT("I" & ROW());=INDIRECT("Z" & ROW())/INDIRECT("T" & ROW());=INDIRECT("Z" & ROW())/INDIRECT("AJ" & ROW());=INDIRECT("T" & ROW())-INDIRECT("O" & ROW());=INDIRECT("AC" & ROW())/INDIRECT("T" & ROW());=INDIRECT("AC" & ROW())/INDIRECT("AJ" & ROW());=INDIRECT("Z" & ROW())+INDIRECT("AC" & ROW());=INDIRECT("AF" & ROW())/INDIRECT("T" & ROW());=INDIRECT("AF" & ROW())/INDIRECT("AJ" & ROW());=INDIRECT("K" & ROW())/INDIRECT("S" & ROW());=INDIRECT("T" & ROW())/INDIRECT("U" & ROW());=INDIRECT("AJ" & ROW())*3.1;=INDIRECT("C" & ROW())/INDIRECT("AJ" & ROW());=INDIRECT("E" & ROW())/INDIRECT("AJ" & ROW());=INDIRECT("G" & ROW())/INDIRECT("AJ" & ROW());=INDIRECT("I" & ROW())/INDIRECT("AJ" & ROW());=INDIRECT("O" & ROW())/INDIRECT("AJ" & ROW());=INDIRECT("S" & ROW())/INDIRECT("T" & ROW());=INDIRECT("U" & ROW())*1/3100000000*1000
;;5550;0;1;0;0;0;35;0;2;0;53;0;134;1;46;0;3015;5550;16383;140277776617126;12093;3783262208;=INDIRECT("Y" & ROW());=INDIRECT("T" & ROW())-INDIRECT("I" & ROW());=INDIRECT("Z" & ROW())/INDIRECT("T" & ROW());=INDIRECT("Z" & ROW())/INDIRECT("AJ" & ROW());=INDIRECT("T" & ROW())-INDIRECT("O" & ROW());=INDIRECT("AC" & ROW())/INDIRECT("T" & ROW());=INDIRECT("AC" & ROW())/INDIRECT("AJ" & ROW());=INDIRECT("Z" & ROW())+INDIRECT("AC" & ROW());=INDIRECT("AF" & ROW())/INDIRECT("T" & ROW());=INDIRECT("AF" & ROW())/INDIRECT("AJ" & ROW());=INDIRECT("K" & ROW())/INDIRECT("S" & ROW());=INDIRECT("T" & ROW())/INDIRECT("U" & ROW());=INDIRECT("AJ" & ROW())*3.1;=INDIRECT("C" & ROW())/INDIRECT("AJ" & ROW());=INDIRECT("E" & ROW())/INDIRECT("AJ" & ROW());=INDIRECT("G" & ROW())/INDIRECT("AJ" & ROW());=INDIRECT("I" & ROW())/INDIRECT("AJ" & ROW());=INDIRECT("O" & ROW())/INDIRECT("AJ" & ROW());=INDIRECT("S" & ROW())/INDIRECT("T" & ROW());=INDIRECT("U" & ROW())*1/3100000000*1000
;;6805;0;1;0;0;0;35;0;2;0;55;0;135;1;49;0;3015;6805;19221;139767775624870;14521;3783262208;=INDIRECT("Y" & ROW());=INDIRECT("T" & ROW())-INDIRECT("I" & ROW());=INDIRECT("Z" & ROW())/INDIRECT("T" & ROW());=INDIRECT("Z" & ROW())/INDIRECT("AJ" & ROW());=INDIRECT("T" & ROW())-INDIRECT("O" & ROW());=INDIRECT("AC" & ROW())/INDIRECT("T" & ROW());=INDIRECT("AC" & ROW())/INDIRECT("AJ" & ROW());=INDIRECT("Z" & ROW())+INDIRECT("AC" & ROW());=INDIRECT("AF" & ROW())/INDIRECT("T" & ROW());=INDIRECT("AF" & ROW())/INDIRECT("AJ" & ROW());=INDIRECT("K" & ROW())/INDIRECT("S" & ROW());=INDIRECT("T" & ROW())/INDIRECT("U" & ROW());=INDIRECT("AJ" & ROW())*3.1;=INDIRECT("C" & ROW())/INDIRECT("AJ" & ROW());=INDIRECT("E" & ROW())/INDIRECT("AJ" & ROW());=INDIRECT("G" & ROW())/INDIRECT("AJ" & ROW());=INDIRECT("I" & ROW())/INDIRECT("AJ" & ROW());=INDIRECT("O" & ROW())/INDIRECT("AJ" & ROW());=INDIRECT("S" & ROW())/INDIRECT("T" & ROW());=INDIRECT("U" & ROW())*1/3100000000*1000
;;6196;0;1;0;0;0;36;0;2;0;52;0;139;1;46;0;2861;6196;19221;140552238206630;14605;3783262208;=INDIRECT("Y" & ROW());=INDIRECT("T" & ROW())-INDIRECT("I" & ROW());=INDIRECT("Z" & ROW())/INDIRECT("T" & ROW());=INDIRECT("Z" & ROW())/INDIRECT("AJ" & ROW());=INDIRECT("T" & ROW())-INDIRECT("O" & ROW());=INDIRECT("AC" & ROW())/INDIRECT("T" & ROW());=INDIRECT("AC" & ROW())/INDIRECT("AJ" & ROW());=INDIRECT("Z" & ROW())+INDIRECT("AC" & ROW());=INDIRECT("AF" & ROW())/INDIRECT("T" & ROW());=INDIRECT("AF" & ROW())/INDIRECT("AJ" & ROW());=INDIRECT("K" & ROW())/INDIRECT("S" & ROW());=INDIRECT("T" & ROW())/INDIRECT("U" & ROW());=INDIRECT("AJ" & ROW())*3.1;=INDIRECT("C" & ROW())/INDIRECT("AJ" & ROW());=INDIRECT("E" & ROW())/INDIRECT("AJ" & ROW());=INDIRECT("G" & ROW())/INDIRECT("AJ" & ROW());=INDIRECT("I" & ROW())/INDIRECT("AJ" & ROW());=INDIRECT("O" & ROW())/INDIRECT("AJ" & ROW());=INDIRECT("S" & ROW())/INDIRECT("T" & ROW());=INDIRECT("U" & ROW())*1/3100000000*1000
;;4858;0;1;0;0;0;31;0;2;0;54;0;125;1;49;0;3015;4858;22188;140348646575782;16149;3783262208;=INDIRECT("Y" & ROW());=INDIRECT("T" & ROW())-INDIRECT("I" & ROW());=INDIRECT("Z" & ROW())/INDIRECT("T" & ROW());=INDIRECT("Z" & ROW())/INDIRECT("AJ" & ROW());=INDIRECT("T" & ROW())-INDIRECT("O" & ROW());=INDIRECT("AC" & ROW())/INDIRECT("T" & ROW());=INDIRECT("AC" & ROW())/INDIRECT("AJ" & ROW());=INDIRECT("Z" & ROW())+INDIRECT("AC" & ROW());=INDIRECT("AF" & ROW())/INDIRECT("T" & ROW());=INDIRECT("AF" & ROW())/INDIRECT("AJ" & ROW());=INDIRECT("K" & ROW())/INDIRECT("S" & ROW());=INDIRECT("T" & ROW())/INDIRECT("U" & ROW());=INDIRECT("AJ" & ROW())*3.1;=INDIRECT("C" & ROW())/INDIRECT("AJ" & ROW());=INDIRECT("E" & ROW())/INDIRECT("AJ" & ROW());=INDIRECT("G" & ROW())/INDIRECT("AJ" & ROW());=INDIRECT("I" & ROW())/INDIRECT("AJ" & ROW());=INDIRECT("O" & ROW())/INDIRECT("AJ" & ROW());=INDIRECT("S" & ROW())/INDIRECT("T" & ROW());=INDIRECT("U" & ROW())*1/3100000000*1000
;;5313;0;1;0;0;0;31;0;2;0;52;0;114;1;46;0;3018;5313;33411;140232448650918;24206;3783262208;=INDIRECT("Y" & ROW());=INDIRECT("T" & ROW())-INDIRECT("I" & ROW());=INDIRECT("Z" & ROW())/INDIRECT("T" & ROW());=INDIRECT("Z" & ROW())/INDIRECT("AJ" & ROW());=INDIRECT("T" & ROW())-INDIRECT("O" & ROW());=INDIRECT("AC" & ROW())/INDIRECT("T" & ROW());=INDIRECT("AC" & ROW())/INDIRECT("AJ" & ROW());=INDIRECT("Z" & ROW())+INDIRECT("AC" & ROW());=INDIRECT("AF" & ROW())/INDIRECT("T" & ROW());=INDIRECT("AF" & ROW())/INDIRECT("AJ" & ROW());=INDIRECT("K" & ROW())/INDIRECT("S" & ROW());=INDIRECT("T" & ROW())/INDIRECT("U" & ROW());=INDIRECT("AJ" & ROW())*3.1;=INDIRECT("C" & ROW())/INDIRECT("AJ" & ROW());=INDIRECT("E" & ROW())/INDIRECT("AJ" & ROW());=INDIRECT("G" & ROW())/INDIRECT("AJ" & ROW());=INDIRECT("I" & ROW())/INDIRECT("AJ" & ROW());=INDIRECT("O" & ROW())/INDIRECT("AJ" & ROW());=INDIRECT("S" & ROW())/INDIRECT("T" & ROW());=INDIRECT("U" & ROW())*1/3100000000*1000
;;6140;0;1;0;0;0;44;0;2;0;52;0;138;1;46;0;3015;6140;15867;140063446265510;11880;3783262208;=INDIRECT("Y" & ROW());=INDIRECT("T" & ROW())-INDIRECT("I" & ROW());=INDIRECT("Z" & ROW())/INDIRECT("T" & ROW());=INDIRECT("Z" & ROW())/INDIRECT("AJ" & ROW());=INDIRECT("T" & ROW())-INDIRECT("O" & ROW());=INDIRECT("AC" & ROW())/INDIRECT("T" & ROW());=INDIRECT("AC" & ROW())/INDIRECT("AJ" & ROW());=INDIRECT("Z" & ROW())+INDIRECT("AC" & ROW());=INDIRECT("AF" & ROW())/INDIRECT("T" & ROW());=INDIRECT("AF" & ROW())/INDIRECT("AJ" & ROW());=INDIRECT("K" & ROW())/INDIRECT("S" & ROW());=INDIRECT("T" & ROW())/INDIRECT("U" & ROW());=INDIRECT("AJ" & ROW())*3.1;=INDIRECT("C" & ROW())/INDIRECT("AJ" & ROW());=INDIRECT("E" & ROW())/INDIRECT("AJ" & ROW());=INDIRECT("G" & ROW())/INDIRECT("AJ" & ROW());=INDIRECT("I" & ROW())/INDIRECT("AJ" & ROW());=INDIRECT("O" & ROW())/INDIRECT("AJ" & ROW());=INDIRECT("S" & ROW())/INDIRECT("T" & ROW());=INDIRECT("U" & ROW())*1/3100000000*1000
;;6180;0;1;0;0;0;34;0;2;0;57;0;139;1;44;0;3015;6180;15609;139971143741094;11486;3783262208;=INDIRECT("Y" & ROW());=INDIRECT("T" & ROW())-INDIRECT("I" & ROW());=INDIRECT("Z" & ROW())/INDIRECT("T" & ROW());=INDIRECT("Z" & ROW())/INDIRECT("AJ" & ROW());=INDIRECT("T" & ROW())-INDIRECT("O" & ROW());=INDIRECT("AC" & ROW())/INDIRECT("T" & ROW());=INDIRECT("AC" & ROW())/INDIRECT("AJ" & ROW());=INDIRECT("Z" & ROW())+INDIRECT("AC" & ROW());=INDIRECT("AF" & ROW())/INDIRECT("T" & ROW());=INDIRECT("AF" & ROW())/INDIRECT("AJ" & ROW());=INDIRECT("K" & ROW())/INDIRECT("S" & ROW());=INDIRECT("T" & ROW())/INDIRECT("U" & ROW());=INDIRECT("AJ" & ROW())*3.1;=INDIRECT("C" & ROW())/INDIRECT("AJ" & ROW());=INDIRECT("E" & ROW())/INDIRECT("AJ" & ROW());=INDIRECT("G" & ROW())/INDIRECT("AJ" & ROW());=INDIRECT("I" & ROW())/INDIRECT("AJ" & ROW());=INDIRECT("O" & ROW())/INDIRECT("AJ" & ROW());=INDIRECT("S" & ROW())/INDIRECT("T" & ROW());=INDIRECT("U" & ROW())*1/3100000000*1000
;;5639;0;1;0;0;0;42;0;2;0;54;0;138;1;49;0;3015;5639;15996;139820486295206;11884;3783262208;=INDIRECT("Y" & ROW());=INDIRECT("T" & ROW())-INDIRECT("I" & ROW());=INDIRECT("Z" & ROW())/INDIRECT("T" & ROW());=INDIRECT("Z" & ROW())/INDIRECT("AJ" & ROW());=INDIRECT("T" & ROW())-INDIRECT("O" & ROW());=INDIRECT("AC" & ROW())/INDIRECT("T" & ROW());=INDIRECT("AC" & ROW())/INDIRECT("AJ" & ROW());=INDIRECT("Z" & ROW())+INDIRECT("AC" & ROW());=INDIRECT("AF" & ROW())/INDIRECT("T" & ROW());=INDIRECT("AF" & ROW())/INDIRECT("AJ" & ROW());=INDIRECT("K" & ROW())/INDIRECT("S" & ROW());=INDIRECT("T" & ROW())/INDIRECT("U" & ROW());=INDIRECT("AJ" & ROW())*3.1;=INDIRECT("C" & ROW())/INDIRECT("AJ" & ROW());=INDIRECT("E" & ROW())/INDIRECT("AJ" & ROW());=INDIRECT("G" & ROW())/INDIRECT("AJ" & ROW());=INDIRECT("I" & ROW())/INDIRECT("AJ" & ROW());=INDIRECT("O" & ROW())/INDIRECT("AJ" & ROW());=INDIRECT("S" & ROW())/INDIRECT("T" & ROW());=INDIRECT("U" & ROW())*1/3100000000*1000
;;5449;0;1;0;0;0;35;0;2;0;57;0;139;1;44;0;3015;5449;15867;140308527074982;11604;3783262208;=INDIRECT("Y" & ROW());=INDIRECT("T" & ROW())-INDIRECT("I" & ROW());=INDIRECT("Z" & ROW())/INDIRECT("T" & ROW());=INDIRECT("Z" & ROW())/INDIRECT("AJ" & ROW());=INDIRECT("T" & ROW())-INDIRECT("O" & ROW());=INDIRECT("AC" & ROW())/INDIRECT("T" & ROW());=INDIRECT("AC" & ROW())/INDIRECT("AJ" & ROW());=INDIRECT("Z" & ROW())+INDIRECT("AC" & ROW());=INDIRECT("AF" & ROW())/INDIRECT("T" & ROW());=INDIRECT("AF" & ROW())/INDIRECT("AJ" & ROW());=INDIRECT("K" & ROW())/INDIRECT("S" & ROW());=INDIRECT("T" & ROW())/INDIRECT("U" & ROW());=INDIRECT("AJ" & ROW())*3.1;=INDIRECT("C" & ROW())/INDIRECT("AJ" & ROW());=INDIRECT("E" & ROW())/INDIRECT("AJ" & ROW());=INDIRECT("G" & ROW())/INDIRECT("AJ" & ROW());=INDIRECT("I" & ROW())/INDIRECT("AJ" & ROW());=INDIRECT("O" & ROW())/INDIRECT("AJ" & ROW());=INDIRECT("S" & ROW())/INDIRECT("T" & ROW());=INDIRECT("U" & ROW())*1/3100000000*1000
;;6894;0;1;0;0;0;32;0;2;0;52;0;142;1;46;0;3015;6894;16899;140174623170214;12874;3783262208;=INDIRECT("Y" & ROW());=INDIRECT("T" & ROW())-INDIRECT("I" & ROW());=INDIRECT("Z" & ROW())/INDIRECT("T" & ROW());=INDIRECT("Z" & ROW())/INDIRECT("AJ" & ROW());=INDIRECT("T" & ROW())-INDIRECT("O" & ROW());=INDIRECT("AC" & ROW())/INDIRECT("T" & ROW());=INDIRECT("AC" & ROW())/INDIRECT("AJ" & ROW());=INDIRECT("Z" & ROW())+INDIRECT("AC" & ROW());=INDIRECT("AF" & ROW())/INDIRECT("T" & ROW());=INDIRECT("AF" & ROW())/INDIRECT("AJ" & ROW());=INDIRECT("K" & ROW())/INDIRECT("S" & ROW());=INDIRECT("T" & ROW())/INDIRECT("U" & ROW());=INDIRECT("AJ" & ROW())*3.1;=INDIRECT("C" & ROW())/INDIRECT("AJ" & ROW());=INDIRECT("E" & ROW())/INDIRECT("AJ" & ROW());=INDIRECT("G" & ROW())/INDIRECT("AJ" & ROW());=INDIRECT("I" & ROW())/INDIRECT("AJ" & ROW());=INDIRECT("O" & ROW())/INDIRECT("AJ" & ROW());=INDIRECT("S" & ROW())/INDIRECT("T" & ROW());=INDIRECT("U" & ROW())*1/3100000000*1000
;;6516;0;1;0;0;0;41;0;2;0;53;0;134;1;46;0;3015;6516;17028;140378073779878;12787;3783262208;=INDIRECT("Y" & ROW());=INDIRECT("T" & ROW())-INDIRECT("I" & ROW());=INDIRECT("Z" & ROW())/INDIRECT("T" & ROW());=INDIRECT("Z" & ROW())/INDIRECT("AJ" & ROW());=INDIRECT("T" & ROW())-INDIRECT("O" & ROW());=INDIRECT("AC" & ROW())/INDIRECT("T" & ROW());=INDIRECT("AC" & ROW())/INDIRECT("AJ" & ROW());=INDIRECT("Z" & ROW())+INDIRECT("AC" & ROW());=INDIRECT("AF" & ROW())/INDIRECT("T" & ROW());=INDIRECT("AF" & ROW())/INDIRECT("AJ" & ROW());=INDIRECT("K" & ROW())/INDIRECT("S" & ROW());=INDIRECT("T" & ROW())/INDIRECT("U" & ROW());=INDIRECT("AJ" & ROW())*3.1;=INDIRECT("C" & ROW())/INDIRECT("AJ" & ROW());=INDIRECT("E" & ROW())/INDIRECT("AJ" & ROW());=INDIRECT("G" & ROW())/INDIRECT("AJ" & ROW());=INDIRECT("I" & ROW())/INDIRECT("AJ" & ROW());=INDIRECT("O" & ROW())/INDIRECT("AJ" & ROW());=INDIRECT("S" & ROW())/INDIRECT("T" & ROW());=INDIRECT("U" & ROW())*1/3100000000*1000
;;5437;0;1;0;0;0;31;0;2;0;54;0;138;1;45;0;3015;5437;15996;140375773445798;11779;3783262208;=INDIRECT("Y" & ROW());=INDIRECT("T" & ROW())-INDIRECT("I" & ROW());=INDIRECT("Z" & ROW())/INDIRECT("T" & ROW());=INDIRECT("Z" & ROW())/INDIRECT("AJ" & ROW());=INDIRECT("T" & ROW())-INDIRECT("O" & ROW());=INDIRECT("AC" & ROW())/INDIRECT("T" & ROW());=INDIRECT("AC" & ROW())/INDIRECT("AJ" & ROW());=INDIRECT("Z" & ROW())+INDIRECT("AC" & ROW());=INDIRECT("AF" & ROW())/INDIRECT("T" & ROW());=INDIRECT("AF" & ROW())/INDIRECT("AJ" & ROW());=INDIRECT("K" & ROW())/INDIRECT("S" & ROW());=INDIRECT("T" & ROW())/INDIRECT("U" & ROW());=INDIRECT("AJ" & ROW())*3.1;=INDIRECT("C" & ROW())/INDIRECT("AJ" & ROW());=INDIRECT("E" & ROW())/INDIRECT("AJ" & ROW());=INDIRECT("G" & ROW())/INDIRECT("AJ" & ROW());=INDIRECT("I" & ROW())/INDIRECT("AJ" & ROW());=INDIRECT("O" & ROW())/INDIRECT("AJ" & ROW());=INDIRECT("S" & ROW())/INDIRECT("T" & ROW());=INDIRECT("U" & ROW())*1/3100000000*1000
;;7002;0;1;0;0;0;37;0;2;0;54;0;141;1;49;0;3015;7002;18834;140153246174886;14498;3783262208;=INDIRECT("Y" & ROW());=INDIRECT("T" & ROW())-INDIRECT("I" & ROW());=INDIRECT("Z" & ROW())/INDIRECT("T" & ROW());=INDIRECT("Z" & ROW())/INDIRECT("AJ" & ROW());=INDIRECT("T" & ROW())-INDIRECT("O" & ROW());=INDIRECT("AC" & ROW())/INDIRECT("T" & ROW());=INDIRECT("AC" & ROW())/INDIRECT("AJ" & ROW());=INDIRECT("Z" & ROW())+INDIRECT("AC" & ROW());=INDIRECT("AF" & ROW())/INDIRECT("T" & ROW());=INDIRECT("AF" & ROW())/INDIRECT("AJ" & ROW());=INDIRECT("K" & ROW())/INDIRECT("S" & ROW());=INDIRECT("T" & ROW())/INDIRECT("U" & ROW());=INDIRECT("AJ" & ROW())*3.1;=INDIRECT("C" & ROW())/INDIRECT("AJ" & ROW());=INDIRECT("E" & ROW())/INDIRECT("AJ" & ROW());=INDIRECT("G" & ROW())/INDIRECT("AJ" & ROW());=INDIRECT("I" & ROW())/INDIRECT("AJ" & ROW());=INDIRECT("O" & ROW())/INDIRECT("AJ" & ROW());=INDIRECT("S" & ROW())/INDIRECT("T" & ROW());=INDIRECT("U" & ROW())*1/3100000000*1000
;;6129;0;1;0;0;0;37;0;2;0;54;0;139;1;49;0;3015;6129;16512;139706546151078;12354;3783262208;=INDIRECT("Y" & ROW());=INDIRECT("T" & ROW())-INDIRECT("I" & ROW());=INDIRECT("Z" & ROW())/INDIRECT("T" & ROW());=INDIRECT("Z" & ROW())/INDIRECT("AJ" & ROW());=INDIRECT("T" & ROW())-INDIRECT("O" & ROW());=INDIRECT("AC" & ROW())/INDIRECT("T" & ROW());=INDIRECT("AC" & ROW())/INDIRECT("AJ" & ROW());=INDIRECT("Z" & ROW())+INDIRECT("AC" & ROW());=INDIRECT("AF" & ROW())/INDIRECT("T" & ROW());=INDIRECT("AF" & ROW())/INDIRECT("AJ" & ROW());=INDIRECT("K" & ROW())/INDIRECT("S" & ROW());=INDIRECT("T" & ROW())/INDIRECT("U" & ROW());=INDIRECT("AJ" & ROW())*3.1;=INDIRECT("C" & ROW())/INDIRECT("AJ" & ROW());=INDIRECT("E" & ROW())/INDIRECT("AJ" & ROW());=INDIRECT("G" & ROW())/INDIRECT("AJ" & ROW());=INDIRECT("I" & ROW())/INDIRECT("AJ" & ROW());=INDIRECT("O" & ROW())/INDIRECT("AJ" & ROW());=INDIRECT("S" & ROW())/INDIRECT("T" & ROW());=INDIRECT("U" & ROW())*1/3100000000*1000
;;5337;0;1;0;0;0;34;0;2;0;58;0;134;1;44;0;3015;5337;16512;140341615877798;12229;3783311360;=INDIRECT("Y" & ROW());=INDIRECT("T" & ROW())-INDIRECT("I" & ROW());=INDIRECT("Z" & ROW())/INDIRECT("T" & ROW());=INDIRECT("Z" & ROW())/INDIRECT("AJ" & ROW());=INDIRECT("T" & ROW())-INDIRECT("O" & ROW());=INDIRECT("AC" & ROW())/INDIRECT("T" & ROW());=INDIRECT("AC" & ROW())/INDIRECT("AJ" & ROW());=INDIRECT("Z" & ROW())+INDIRECT("AC" & ROW());=INDIRECT("AF" & ROW())/INDIRECT("T" & ROW());=INDIRECT("AF" & ROW())/INDIRECT("AJ" & ROW());=INDIRECT("K" & ROW())/INDIRECT("S" & ROW());=INDIRECT("T" & ROW())/INDIRECT("U" & ROW());=INDIRECT("AJ" & ROW())*3.1;=INDIRECT("C" & ROW())/INDIRECT("AJ" & ROW());=INDIRECT("E" & ROW())/INDIRECT("AJ" & ROW());=INDIRECT("G" & ROW())/INDIRECT("AJ" & ROW());=INDIRECT("I" & ROW())/INDIRECT("AJ" & ROW());=INDIRECT("O" & ROW())/INDIRECT("AJ" & ROW());=INDIRECT("S" & ROW())/INDIRECT("T" & ROW());=INDIRECT("U" & ROW())*1/3100000000*1000
;;6222;0;1;0;0;0;24;0;2;0;53;0;137;1;46;0;3015;6222;19608;139941414325926;14942;3783262208;=INDIRECT("Y" & ROW());=INDIRECT("T" & ROW())-INDIRECT("I" & ROW());=INDIRECT("Z" & ROW())/INDIRECT("T" & ROW());=INDIRECT("Z" & ROW())/INDIRECT("AJ" & ROW());=INDIRECT("T" & ROW())-INDIRECT("O" & ROW());=INDIRECT("AC" & ROW())/INDIRECT("T" & ROW());=INDIRECT("AC" & ROW())/INDIRECT("AJ" & ROW());=INDIRECT("Z" & ROW())+INDIRECT("AC" & ROW());=INDIRECT("AF" & ROW())/INDIRECT("T" & ROW());=INDIRECT("AF" & ROW())/INDIRECT("AJ" & ROW());=INDIRECT("K" & ROW())/INDIRECT("S" & ROW());=INDIRECT("T" & ROW())/INDIRECT("U" & ROW());=INDIRECT("AJ" & ROW())*3.1;=INDIRECT("C" & ROW())/INDIRECT("AJ" & ROW());=INDIRECT("E" & ROW())/INDIRECT("AJ" & ROW());=INDIRECT("G" & ROW())/INDIRECT("AJ" & ROW());=INDIRECT("I" & ROW())/INDIRECT("AJ" & ROW());=INDIRECT("O" & ROW())/INDIRECT("AJ" & ROW());=INDIRECT("S" & ROW())/INDIRECT("T" & ROW());=INDIRECT("U" & ROW())*1/3100000000*1000
;;6085;0;1;0;0;0;37;0;2;0;54;0;138;1;45;0;3015;6085;18705;140251381493414;14438;3783262208;=INDIRECT("Y" & ROW());=INDIRECT("T" & ROW())-INDIRECT("I" & ROW());=INDIRECT("Z" & ROW())/INDIRECT("T" & ROW());=INDIRECT("Z" & ROW())/INDIRECT("AJ" & ROW());=INDIRECT("T" & ROW())-INDIRECT("O" & ROW());=INDIRECT("AC" & ROW())/INDIRECT("T" & ROW());=INDIRECT("AC" & ROW())/INDIRECT("AJ" & ROW());=INDIRECT("Z" & ROW())+INDIRECT("AC" & ROW());=INDIRECT("AF" & ROW())/INDIRECT("T" & ROW());=INDIRECT("AF" & ROW())/INDIRECT("AJ" & ROW());=INDIRECT("K" & ROW())/INDIRECT("S" & ROW());=INDIRECT("T" & ROW())/INDIRECT("U" & ROW());=INDIRECT("AJ" & ROW())*3.1;=INDIRECT("C" & ROW())/INDIRECT("AJ" & ROW());=INDIRECT("E" & ROW())/INDIRECT("AJ" & ROW());=INDIRECT("G" & ROW())/INDIRECT("AJ" & ROW());=INDIRECT("I" & ROW())/INDIRECT("AJ" & ROW());=INDIRECT("O" & ROW())/INDIRECT("AJ" & ROW());=INDIRECT("S" & ROW())/INDIRECT("T" & ROW());=INDIRECT("U" & ROW())*1/3100000000*1000
;;4766;0;1;0;0;0;26;0;2;0;55;0;136;1;49;0;3015;4766;15222;139829649481382;10923;3783262208;=INDIRECT("Y" & ROW());=INDIRECT("T" & ROW())-INDIRECT("I" & ROW());=INDIRECT("Z" & ROW())/INDIRECT("T" & ROW());=INDIRECT("Z" & ROW())/INDIRECT("AJ" & ROW());=INDIRECT("T" & ROW())-INDIRECT("O" & ROW());=INDIRECT("AC" & ROW())/INDIRECT("T" & ROW());=INDIRECT("AC" & ROW())/INDIRECT("AJ" & ROW());=INDIRECT("Z" & ROW())+INDIRECT("AC" & ROW());=INDIRECT("AF" & ROW())/INDIRECT("T" & ROW());=INDIRECT("AF" & ROW())/INDIRECT("AJ" & ROW());=INDIRECT("K" & ROW())/INDIRECT("S" & ROW());=INDIRECT("T" & ROW())/INDIRECT("U" & ROW());=INDIRECT("AJ" & ROW())*3.1;=INDIRECT("C" & ROW())/INDIRECT("AJ" & ROW());=INDIRECT("E" & ROW())/INDIRECT("AJ" & ROW());=INDIRECT("G" & ROW())/INDIRECT("AJ" & ROW());=INDIRECT("I" & ROW())/INDIRECT("AJ" & ROW());=INDIRECT("O" & ROW())/INDIRECT("AJ" & ROW());=INDIRECT("S" & ROW())/INDIRECT("T" & ROW());=INDIRECT("U" & ROW())*1/3100000000*1000
